energy_keV,fluence
1.075000000000000000e+01,6.714317125178250301e+00
1.125000000000000000e+01,1.003861695901495068e+02
1.175000000000000000e+01,1.921948880958861423e+02
1.225000000000000000e+01,4.865568189317131100e+02
1.275000000000000000e+01,1.367067679916133102e+03
1.325000000000000000e+01,3.598269207986488254e+03
1.375000000000000000e+01,8.298580833600653932e+03
1.425000000000000000e+01,1.713435545960461241e+04
1.475000000000000000e+01,3.223485895705838266e+04
1.525000000000000000e+01,5.600153141812686226e+04
1.575000000000000000e+01,9.092268528730441176e+04
1.625000000000000000e+01,1.394078803643570573e+05
1.675000000000000000e+01,2.034534340028844017e+05
1.725000000000000000e+01,2.844971899615083239e+05
1.775000000000000000e+01,3.827752555869451608e+05
1.825000000000000000e+01,4.980539050641813083e+05
1.875000000000000000e+01,6.301651170392504428e+05
1.925000000000000000e+01,7.779054331831043819e+05
1.975000000000000000e+01,9.395796588536899071e+05
2.025000000000000000e+01,1.111953374793179100e+06
2.075000000000000000e+01,1.292484235869396012e+06
2.125000000000000000e+01,1.480005284234573599e+06
2.175000000000000000e+01,1.672240410633022198e+06
2.225000000000000000e+01,1.864731542949702824e+06
2.275000000000000000e+01,2.055289882873202441e+06
2.325000000000000000e+01,2.244120007970389910e+06
2.375000000000000000e+01,2.429480480262115132e+06
2.425000000000000000e+01,2.610076405531160068e+06
2.475000000000000000e+01,2.784537745447877329e+06
2.525000000000000000e+01,2.949570787999054417e+06
2.575000000000000000e+01,3.104567592667690944e+06
2.625000000000000000e+01,3.250977885157490615e+06
2.675000000000000000e+01,3.388503290295770392e+06
2.725000000000000000e+01,3.516806359361872543e+06
2.775000000000000000e+01,3.630397661949981470e+06
2.825000000000000000e+01,3.732993867989395279e+06
2.875000000000000000e+01,3.826519613435072359e+06
2.925000000000000000e+01,3.910944081592968665e+06
2.975000000000000000e+01,3.986673060945383739e+06
3.025000000000000000e+01,4.050466098153441679e+06
3.075000000000000000e+01,4.103130739791665692e+06
3.125000000000000000e+01,4.148347419856088236e+06
3.175000000000000000e+01,4.186252974493810907e+06
3.225000000000000000e+01,4.217430967044171877e+06
3.275000000000000000e+01,4.242085011799699627e+06
3.325000000000000000e+01,4.260409269039334729e+06
3.375000000000000000e+01,4.273018901529799215e+06
3.425000000000000000e+01,4.280036377000815235e+06
3.475000000000000000e+01,4.281909300879994407e+06
3.525000000000000000e+01,4.275701311730655842e+06
3.575000000000000000e+01,4.261958263369932771e+06
3.625000000000000000e+01,4.244576592845530249e+06
3.675000000000000000e+01,4.223756141172629781e+06
3.725000000000000000e+01,4.199642239399706014e+06
3.775000000000000000e+01,4.172630973377254792e+06
3.825000000000000000e+01,4.142789174032150768e+06
3.875000000000000000e+01,4.110448894539455883e+06
3.925000000000000000e+01,4.075848994910250418e+06
3.975000000000000000e+01,4.039014662112757098e+06
4.025000000000000000e+01,3.998300325087928213e+06
4.075000000000000000e+01,3.953971953838815447e+06
4.125000000000000000e+01,3.908241122650974896e+06
4.175000000000000000e+01,3.861450816655921750e+06
4.225000000000000000e+01,3.813507689111848827e+06
4.275000000000000000e+01,3.764719402868693229e+06
4.325000000000000000e+01,3.715118394726745784e+06
4.375000000000000000e+01,3.664612443340247031e+06
4.425000000000000000e+01,3.613703476572899148e+06
4.475000000000000000e+01,3.562125292932664510e+06
4.525000000000000000e+01,3.508685904103925452e+06
4.575000000000000000e+01,3.453900903364206664e+06
4.625000000000000000e+01,3.398734016350603662e+06
4.675000000000000000e+01,3.343570764639784582e+06
4.725000000000000000e+01,3.288441460441588890e+06
4.775000000000000000e+01,3.233026376650745515e+06
4.825000000000000000e+01,3.177941663570723031e+06
4.875000000000000000e+01,3.122782949831548613e+06
4.925000000000000000e+01,3.067515406570383813e+06
4.975000000000000000e+01,3.012588290578237735e+06
5.025000000000000000e+01,2.956843474480948411e+06
5.075000000000000000e+01,2.900725233209260274e+06
5.125000000000000000e+01,2.845017466382850893e+06
5.175000000000000000e+01,2.789318832436128985e+06
5.225000000000000000e+01,2.734299040014519356e+06
5.275000000000000000e+01,2.679495984551334754e+06
5.325000000000000000e+01,2.624779523594529834e+06
5.375000000000000000e+01,2.570706434149189387e+06
5.425000000000000000e+01,2.516793180002781563e+06
5.475000000000000000e+01,2.463174113019692246e+06
5.525000000000000000e+01,2.409575470368419308e+06
5.575000000000000000e+01,2.355748609595067799e+06
5.625000000000000000e+01,2.302644026275769807e+06
5.675000000000000000e+01,2.249902651351732202e+06
5.725000000000000000e+01,2.197327378983576782e+06
5.775000000000000000e+01,3.505705223522625864e+06
5.825000000000000000e+01,2.093690817017545691e+06
5.875000000000000000e+01,2.042325249788152985e+06
5.925000000000000000e+01,4.410411671828905120e+06
5.975000000000000000e+01,1.940836619120041607e+06
6.025000000000000000e+01,1.890439150922480738e+06
6.075000000000000000e+01,1.840199082994033815e+06
6.125000000000000000e+01,1.790122172475932864e+06
6.175000000000000000e+01,1.740601069624962518e+06
6.225000000000000000e+01,1.691285119254678721e+06
6.275000000000000000e+01,1.642286512413154822e+06
6.325000000000000000e+01,1.593703761045903666e+06
6.375000000000000000e+01,1.545233821743248263e+06
6.425000000000000000e+01,1.497162540413407842e+06
6.475000000000000000e+01,1.449339406369286822e+06
6.525000000000000000e+01,1.401338718525654403e+06
6.575000000000000000e+01,1.353807495126852300e+06
6.625000000000000000e+01,1.306345139347829157e+06
6.675000000000000000e+01,1.549171901425628923e+06
6.725000000000000000e+01,1.775052913798518479e+06
6.775000000000000000e+01,1.179506229748301208e+06
6.825000000000000000e+01,1.118534406237154501e+06
6.875000000000000000e+01,1.072015253462985856e+06
6.925000000000000000e+01,1.228389968332479708e+06
6.975000000000000000e+01,9.601223450205917470e+05
7.025000000000000000e+01,8.843684782258197665e+05
7.075000000000000000e+01,8.420268593353414908e+05
7.125000000000000000e+01,7.997248496850770898e+05
7.175000000000000000e+01,7.571111439395397902e+05
7.225000000000000000e+01,7.144956137190215522e+05
7.275000000000000000e+01,6.717654065900978167e+05
7.325000000000000000e+01,6.286046938120542327e+05
7.375000000000000000e+01,5.855101889480652753e+05
7.425000000000000000e+01,5.420039465570996981e+05
7.475000000000000000e+01,4.981513874113254133e+05
7.525000000000000000e+01,4.542591677141470718e+05
7.575000000000000000e+01,4.097405932051425916e+05
7.625000000000000000e+01,3.649292028384897858e+05
7.675000000000000000e+01,3.198029815740459599e+05
7.725000000000000000e+01,2.739481362099069520e+05
7.775000000000000000e+01,2.279334272464509704e+05
7.825000000000000000e+01,1.812120820447420410e+05
7.875000000000000000e+01,1.344473823564398917e+05
7.925000000000000000e+01,8.681413179977664549e+04
7.975000000000000000e+01,3.204592724957501559e+04
